{"scope.version":"2","timeline.animationMode":"proMode","viewport.width":650,"viewport.height":650,"template.metadata":{"label":"650x650","adData":{"platforms":[],"networks":[],"features":[],"verticals":[],"adTypes":[1],"components":[]},"dynamicSchema":"","dimensions":[{"width":650,"height":650,"responsive":false}],"usageData":{"creationTimeMs":1606035855000},"thumbnail":"650x650_thumb.png","links":[],"easyModeCompatible":false},"design.scrollleft":737.7142944335938,"design.scrolltop":525.7142944335938,"library.openDirectories":["C:/Users/Chever/Documents/~Main Documents/Homestuck/MSPFA/TheCeruleanMotleyCrew/story/img/Raw/0200/200/assets/Assets","C:/Users/Chever/Documents/~Main Documents/Homestuck/MSPFA/TheCeruleanMotleyCrew/story/img/Raw/0200/200/assets/Assets/Images","C:/Users/Chever/Documents/~Main Documents/Homestuck/MSPFA/TheCeruleanMotleyCrew/story/img/Raw/0200/200/assets/Images"],"library.GroupsPath":{},"library.downloadedAssets":{},"design.zoom":0.75,"timeline.previewRanges":{"page1":{"startMs":0,"endMs":5120},"page1_1":{"startMs":0,"endMs":4200}},"tool.text.optionsState":{"fontName":"Retrogression","fontSize":"16px","fontWeight":"normal","fontStyle":"italic","alignLeft":true,"alignCenter":false,"alignRight":false,"alignJustify":false,"verticalAlignCenter":false,"foreColor":"rgb(0, 0, 0)","tagName":"em","orderedList":false,"unorderedList":false},"timeline.zoomLevel":275,"eventsPanel.layout":"{\"targetColumnWidth\":115,\"typeColumnWidth\":119,\"actionColumnWidth\":75,\"eventScope\":1}","ruler.guides.horizontal":[650,325],"ruler.guides.vertical":[650,325],"ruler.guides.show":true,"ruler.guides.lock":true,"publish.local.location":"C:/Users/Chever/Documents/~Main Documents/Homestuck/MSPFA/TheCeruleanMotleyCrew/story/img/","publish.local.name":"0200","publish.local.flatten":false,"publish.local.minify":false,"publish.local.inlineFiles":false,"publish.local.createZip":false,"publish.local.politeLoad":false,"publish.local.exportMozilla":true,"publish.local.exportWebkit":true,"publish.local.borderColor":"rgba(0,0,0,1)","publish.local.addBorder":false,"":false,"publish.local.skipLoadingDelay":false,"design.userpaddingleft":-1169,"design.userpaddingtop":-650}